date,days_ago,wpm,acc,rawWpm,consistency
2023-01-15,999,76.89,100.0,76.89,64.65
2023-01-16,998,81.67,100.0,81.67,79.0
2023-01-17,997,66.03,95.08,66.03,65.34
2023-01-18,996,93.18,100.0,93.18,75.54
2023-01-19,995,94.22,97.92,94.22,65.4
2023-01-20,994,83.61,98.08,83.61,74.49
2023-01-21,993,81.68,96.23,81.68,75.04
2023-01-22,992,79.59,98.08,79.59,76.93
2023-01-23,991,69.02,91.94,69.02,54.02
2023-01-24,990,93.35,100.0,93.35,66.03
2023-01-25,989,116.34,100.0,116.34,89.84
2023-01-26,988,97.25,100.0,97.25,63.39
2023-01-27,987,85.66,100.0,85.66,82.52
2023-01-28,986,78.66,96.15,78.66,74.66
2023-01-29,985,79.73,97.87,79.73,79.97
2023-01-30,984,83.52,96.43,83.52,69.61
2023-01-31,983,89.82,97.96,89.82,55.52
2023-02-01,982,95.4,93.48,107.04,59.01
2023-02-02,981,81.22,96.36,81.22,67.4
2023-02-03,980,89.89,100.0,89.89,73.65
2023-02-04,979,93.06,100.0,93.06,75.32
2023-02-05,978,86.54,97.62,86.54,76.77
2023-02-06,977,91.97,98.04,91.97,74.6
2023-02-07,976,72.36,100.0,72.36,60.12
2023-02-08,975,91.98,100.0,91.98,61.71
2023-02-09,974,74.62,87.5,85.74,61.16
2023-02-10,973,71.55,98.04,71.55,54.49
2023-02-11,972,86.11,98.04,86.11,71.57
2023-02-12,971,76.92,100.0,76.92,58.65
2023-02-13,970,67.45,94.44,74.34,71.4
2023-02-14,969,65.81,97.83,65.81,63.76
2023-02-15,968,61.34,94.92,68.42,57.02
2023-02-16,967,59.24,98.08,59.24,57.64
2023-02-17,966,64.27,94.55,64.27,62.93
2023-02-18,965,80.99,98.04,80.99,69.69
2023-02-19,964,89.42,100.0,89.42,62.62
2023-02-20,963,81.9,100.0,81.9,80.12
2023-02-21,962,87.75,100.0,87.75,80.97
2023-02-22,961,62.59,100.0,62.59,66.99
2023-02-23,960,89.49,100.0,89.49,85.09
2023-02-24,959,46.45,98.08,46.45,13.65
2023-02-25,958,80.35,100.0,80.35,86.79
2023-02-26,957,77.2,100.0,77.2,70.61
2023-02-27,956,68.22,98.0,68.22,55.19
2023-02-28,955,82.61,100.0,82.61,75.29
2023-03-01,954,82.57,95.74,82.57,68.88
2023-03-02,953,90.38,100.0,90.38,88.62
2023-03-03,952,69.36,95.65,69.36,60.59
2023-03-04,951,84.47,91.67,94.29,66.54
2023-03-05,950,85.71,89.8,95.45,62.61
2023-03-06,949,78.68,100.0,78.68,77.82
2023-03-07,948,80.88,100.0,80.88,64.65
2023-03-08,947,99.93,100.0,99.93,68.27
2023-03-09,946,86.15,90.57,97.64,64.81
2023-03-10,945,91.92,93.02,104.01,65.44
2023-03-11,944,105.8,98.18,105.8,58.97
2023-03-12,943,99.66,100.0,99.66,89.47
2023-03-13,942,75.0,81.25,109.09,63.93
2023-03-14,941,70.55,97.83,70.55,69.29
2023-03-15,940,84.5,96.36,84.5,70.73
2023-03-16,939,92.73,98.33,92.73,84.57
2023-03-17,938,80.19,100.0,80.19,59.96
2023-03-18,937,85.73,100.0,85.73,78.7
2023-03-19,936,73.55,79.63,83.81,48.41
2023-03-20,935,91.35,98.11,91.35,64.34
2023-03-21,934,75.72,95.0,82.61,71.1
2023-03-22,933,79.1,92.45,87.52,56.72
2023-03-23,932,67.15,88.89,67.15,40.74
2023-03-24,931,69.03,92.45,69.03,52.64
2023-03-25,930,65.38,92.98,73.55,79.22
2023-03-26,929,113.41,100.0,113.41,82.02
2023-03-27,928,58.06,88.0,66.35,55.32
2023-03-28,927,69.14,91.94,69.14,61.49
2023-03-29,926,64.19,94.55,64.19,58.49
2023-03-30,925,58.87,94.12,64.1,56.68
2023-03-31,924,65.0,98.11,65.0,47.49
2023-04-01,923,63.51,91.07,67.48,43.12
2023-04-02,922,70.0,86.67,70.0,57.45
2023-04-03,921,58.16,87.32,65.7,46.95
2023-04-04,920,72.66,90.48,72.66,50.89
2023-04-05,919,73.55,93.22,73.55,63.43
2023-04-06,918,65.16,94.34,65.16,46.12
2023-04-07,917,71.79,98.41,71.79,50.11
2023-04-08,916,85.81,96.55,101.58,76.53
2023-04-09,915,71.81,94.55,71.81,58.72
2023-04-10,914,62.19,93.94,62.19,56.13
2023-04-11,913,60.42,91.67,60.42,55.93
2023-04-12,912,67.5,92.98,67.5,58.48
2023-04-13,911,60.71,95.0,60.71,53.87
2023-04-14,910,83.31,97.78,83.31,60.27
2023-04-15,909,53.71,96.36,53.71,54.52
2023-04-16,908,95.36,95.74,104.23,70.14
2023-04-17,907,81.29,96.55,81.29,60.55
2023-04-18,906,70.79,96.49,70.79,48.65
2023-04-19,905,78.08,100.0,78.08,61.68
2023-04-20,904,60.63,93.55,60.63,52.12
2023-04-21,903,79.41,96.08,79.41,60.08
2023-04-22,902,69.07,100.0,69.07,62.72
2023-04-23,901,45.9,89.29,51.88,31.39
2023-04-24,900,44.12,92.45,47.96,54.92
2023-04-25,899,71.51,90.91,71.51,61.11
2023-04-26,898,83.75,100.0,83.75,66.19
2023-04-27,897,81.04,95.08,81.04,62.66
2023-04-28,896,89.76,100.0,89.76,67.93
2023-04-29,895,78.14,96.72,78.14,46.08
2023-04-30,894,81.27,98.11,81.27,58.02
2023-05-01,893,93.43,98.33,93.43,69.4
2023-05-02,892,86.39,95.52,86.39,74.74
2023-05-03,891,84.47,94.55,84.47,68.78
2023-05-04,890,62.9,93.1,62.9,59.52
2023-05-05,889,75.08,98.04,75.08,60.81
2023-05-06,888,74.96,91.07,86.12,57.02
2023-05-07,887,69.13,92.06,75.53,66.67
2023-05-08,886,64.58,94.0,64.58,68.74
2023-05-09,885,83.54,96.23,83.54,64.66
2023-05-10,884,61.86,96.49,61.86,57.42
2023-05-11,883,59.48,91.07,59.48,63.07
2023-05-12,882,71.39,100.0,71.39,78.95
2023-05-13,881,89.73,93.88,97.71,61.08
2023-05-14,880,99.6,100.0,99.6,63.79
2023-05-15,879,102.69,91.84,119.8,87.33
2023-05-16,878,76.9,95.92,76.9,42.31
2023-05-17,877,68.61,92.98,68.61,35.87
2023-05-18,876,72.99,92.0,83.17,61.03
2023-05-19,875,78.65,94.12,78.65,53.7
2023-05-20,874,78.26,97.83,78.26,64.99
2023-05-21,873,92.68,98.08,92.68,82.73
2023-05-22,872,66.26,85.96,75.92,70.08
2023-05-23,871,66.21,95.45,72.83,69.85
2023-05-24,870,54.09,94.87,60.28,60.24
2023-05-25,869,74.73,90.48,84.83,82.51
2023-05-26,868,81.48,94.55,95.35,79.28
2023-05-27,867,73.24,90.91,81.04,86.36
2023-05-28,866,72.28,96.0,72.28,56.73
2023-05-29,865,83.96,94.74,97.67,83.63
2023-05-30,864,53.06,80.0,77.32,66.68
2023-05-31,863,89.97,98.04,89.97,62.64
2023-06-01,862,91.83,100.0,91.83,70.76
2023-06-02,861,97.61,96.3,107.57,62.24
2023-06-03,860,72.76,92.73,102.62,77.0
2023-06-04,859,101.97,100.0,101.97,85.15
2023-06-05,858,100.03,100.0,100.03,69.24
2023-06-06,857,82.59,93.75,92.19,63.1
2023-06-07,856,80.27,96.0,80.27,67.26
2023-06-08,855,86.92,87.76,109.21,78.31
2023-06-09,854,90.72,91.84,101.02,83.82
2023-06-10,853,98.97,100.0,98.97,82.82
2023-06-11,852,114.48,100.0,114.48,84.43
2023-06-12,851,111.48,95.92,124.15,90.33
2023-06-13,850,97.48,100.0,97.48,81.54
2023-06-14,849,95.19,100.0,95.19,69.13
2023-06-15,848,59.75,100.0,59.75,64.99
2023-06-16,847,81.09,100.0,81.09,74.14
2023-06-17,846,78.29,100.0,78.29,73.4
2023-06-18,845,50.85,96.3,50.85,42.69
2023-06-19,844,94.7,98.04,94.7,70.92
2023-06-20,843,54.94,91.94,54.94,49.98
2023-06-21,842,60.37,96.72,60.37,35.17
2023-06-22,841,65.3,98.36,65.3,64.58
2023-06-23,840,72.75,100.0,72.75,58.48
2023-06-24,839,68.55,94.34,68.55,73.91
2023-06-25,838,66.59,98.15,66.59,57.08
2023-06-26,837,83.03,96.43,83.03,74.23
2023-06-27,836,101.26,100.0,101.26,75.29
2023-06-28,835,80.48,94.23,80.48,60.05
2023-06-29,834,83.95,94.83,83.95,73.8
2023-06-30,833,87.01,100.0,87.01,66.61
2023-07-01,832,66.22,96.83,66.22,46.23
2023-07-02,831,51.84,91.84,64.11,50.5
2023-07-03,830,75.38,100.0,75.38,54.49
2023-07-04,829,72.18,97.83,72.18,70.2
2023-07-05,828,66.54,96.08,66.54,58.24
2023-07-06,827,63.4,92.59,63.4,55.3
2023-07-07,826,66.26,97.96,66.26,61.72
2023-07-08,825,68.97,95.83,68.97,66.57
2023-07-09,824,71.03,95.31,71.03,50.49
2023-07-10,823,73.61,94.34,86.7,64.66
2023-07-11,822,57.62,91.07,57.62,51.33
2023-07-12,821,73.68,100.0,73.68,59.21
2023-07-13,820,64.98,95.08,64.98,56.18
2023-07-14,819,69.48,96.88,69.48,62.03
2023-07-15,818,61.11,93.22,61.11,51.66
2023-07-16,817,75.39,100.0,75.39,72.53
2023-07-17,816,65.6,92.54,65.6,66.93
2023-07-18,815,71.67,98.0,71.67,62.92
2023-07-19,814,74.12,100.0,74.12,52.0
2023-07-20,813,67.31,98.15,67.31,66.67
2023-07-21,812,82.74,100.0,82.74,60.82
2023-07-22,811,79.59,98.21,79.59,58.69
2023-07-23,810,47.12,87.69,62.5,46.39
2023-07-24,809,81.12,96.3,81.12,67.04
2023-07-25,808,74.27,94.12,74.27,61.92
2023-07-26,807,69.31,93.75,81.15,58.36
2023-07-27,806,80.47,100.0,80.47,75.88
2023-07-28,805,92.79,93.28,105.59,85.57
2023-07-29,804,72.0,89.38,88.8,67.9
2023-07-30,803,88.25,94.83,88.25,70.14
2023-07-31,802,62.85,90.91,69.58,71.62
2023-08-01,801,75.92,98.15,75.92,63.16
2023-08-02,800,70.49,96.23,70.49,65.05
2023-08-03,799,57.54,89.39,57.54,59.1
2023-08-04,798,73.2,98.25,73.2,54.27
2023-08-05,797,77.1,100.0,77.1,63.64
2023-08-06,796,64.18,98.15,64.18,64.48
2023-08-07,795,77.42,98.08,77.42,71.92
2023-08-08,794,71.11,94.12,71.11,56.02
2023-08-09,793,66.3,96.3,66.3,64.68
2023-08-10,792,77.0,98.15,77.0,57.0
2023-08-11,791,72.62,100.0,72.62,56.4
2023-08-12,790,61.32,98.31,61.32,49.97
2023-08-13,789,67.01,94.64,73.58,36.1
2023-08-14,788,67.7,98.18,67.7,60.43
2023-08-15,787,78.91,100.0,78.91,53.77
2023-08-16,786,83.33,94.92,83.33,57.43
2023-08-17,785,57.49,94.12,63.73,51.66
2023-08-18,784,86.01,100.0,86.01,69.83
2023-08-19,783,73.36,98.21,73.36,64.66
2023-08-20,782,78.31,94.23,84.98,60.8
2023-08-21,781,79.19,100.0,79.19,69.83
2023-08-22,780,48.48,94.23,48.48,36.27
2023-08-23,779,65.43,96.3,76.8,64.87
2023-08-24,778,72.92,98.08,72.92,60.24
2023-08-25,777,68.67,96.36,68.67,62.53
2023-08-26,776,56.95,96.36,56.95,55.11
2023-08-27,775,71.11,98.0,77.3,73.87
2023-08-28,774,62.2,96.92,62.2,63.42
2023-08-29,773,61.61,97.96,61.61,69.12
2023-08-30,772,67.47,98.04,67.47,66.33
2023-08-31,771,59.37,94.92,68.87,57.76
2023-09-01,770,56.57,94.64,56.57,49.6
2023-09-02,769,53.9,98.0,58.59,56.68
2023-09-03,768,71.51,96.55,71.51,60.85
2023-09-04,767,51.1,91.23,51.1,55.6
2023-09-05,766,68.94,94.0,68.94,65.95
2023-09-06,765,60.4,92.06,68.38,68.02
2023-09-07,764,62.39,100.0,62.39,63.36
2023-09-08,763,58.22,94.44,58.22,62.19
2023-09-09,762,60.0,93.88,70.0,50.28
2023-09-10,761,56.65,92.31,56.65,51.34
2023-09-11,760,91.41,100.0,91.41,72.05
2023-09-12,759,68.64,92.59,75.95,54.24
2023-09-13,758,77.94,94.92,88.64,70.26
2023-09-14,757,48.1,95.16,48.1,43.1
2023-09-15,756,74.76,98.33,74.76,64.26
2023-09-16,755,82.45,100.0,82.45,65.6
2023-09-17,754,75.86,100.0,75.86,58.29
2023-09-18,753,80.41,100.0,80.41,76.6
2023-09-19,752,58.15,96.15,58.15,60.61
2023-09-20,751,60.12,98.11,60.12,53.39
2023-09-21,750,79.37,98.31,79.37,89.11
2023-09-22,749,46.47,93.55,46.47,42.64
2023-09-23,748,63.21,89.13,80.76,70.04
2023-09-24,747,53.66,90.38,53.66,45.49
2023-09-25,746,70.37,95.24,70.37,57.21
2023-09-26,745,81.95,96.23,81.95,58.05
2023-09-27,744,72.68,96.72,72.68,53.47
2023-09-28,743,67.52,98.31,67.52,66.25
2023-09-29,742,65.88,98.18,65.88,61.15
2023-09-30,741,78.17,100.0,78.17,71.31
2023-10-01,740,63.56,93.55,63.56,57.01
2023-10-02,739,61.49,96.83,71.73,62.97
2023-10-03,738,83.48,98.11,83.48,52.38
2023-10-04,737,72.25,100.0,72.25,49.54
2023-10-05,736,69.82,96.3,69.82,75.48
2023-10-06,735,84.88,98.21,84.88,65.21
2023-10-07,734,72.72,100.0,72.72,71.72
2023-10-08,733,81.47,100.0,81.47,69.92
2023-10-09,732,77.66,95.92,77.66,64.02
2023-10-10,731,76.2,95.31,76.2,60.85
2023-10-11,730,65.96,94.34,65.96,43.0
2023-10-12,729,77.07,98.21,77.07,81.2
2023-10-13,728,76.82,94.34,83.09,81.8
2023-10-14,727,73.72,100.0,73.72,76.47
2023-10-15,726,54.05,86.89,61.33,54.36
2023-10-16,725,87.05,100.0,87.05,72.51
2023-10-17,724,69.59,96.23,69.59,63.77
2023-10-18,723,74.32,100.0,74.32,61.08
2023-10-19,722,62.22,90.0,62.22,49.83
2023-10-20,721,81.45,98.25,87.6,80.53
2023-10-21,720,81.54,100.0,81.54,72.08
2023-10-22,719,108.97,100.0,108.97,85.25
2023-10-23,718,74.59,100.0,74.59,55.44
2023-10-24,717,74.43,95.08,74.43,65.27
2023-10-25,716,78.41,96.49,78.41,64.31
2023-10-26,715,69.55,100.0,69.55,63.04
2023-10-27,714,60.53,98.18,60.53,50.81
2023-10-28,713,57.17,93.22,57.17,47.98
2023-10-29,712,71.14,98.15,71.14,71.36
2023-10-30,711,85.75,100.0,85.75,79.76
2023-10-31,710,79.21,100.0,79.21,70.61
2023-11-01,709,81.87,100.0,81.87,73.16
2023-11-02,708,80.13,96.49,80.13,59.26
2023-11-03,707,70.71,98.08,70.71,73.22
2023-11-04,706,64.3,98.04,64.3,40.59
2023-11-05,705,82.67,94.44,93.45,71.84
2023-11-06,704,81.15,92.54,81.15,53.32
2023-11-07,703,80.54,98.04,80.54,76.55
2023-11-08,702,87.04,100.0,87.04,65.87
2023-11-09,701,82.89,96.3,82.89,73.0
2023-11-10,700,109.34,100.0,109.34,86.92
2023-11-11,699,76.41,100.0,76.41,59.98
2023-11-12,698,78.55,100.0,78.55,74.92
2023-11-13,697,66.78,98.11,66.78,59.51
2023-11-14,696,88.71,100.0,88.71,60.3
2023-11-15,695,74.14,100.0,74.14,74.97
2023-11-16,694,77.64,98.11,77.64,53.09
2023-11-17,693,48.42,87.5,84.74,59.76
2023-11-18,692,87.05,96.43,87.05,76.31
2023-11-19,691,85.28,100.0,85.28,72.4
2023-11-20,690,100.8,100.0,100.8,81.08
2023-11-21,689,60.9,98.18,60.9,49.73
2023-11-22,688,55.51,91.94,55.51,53.43
2023-11-23,687,60.36,93.33,60.36,40.36
2023-11-24,686,69.18,97.83,69.18,62.54
2023-11-25,685,58.65,96.49,58.65,49.18
2023-11-26,684,65.49,100.0,65.49,41.32
2023-11-27,683,66.97,96.3,66.97,61.0
2023-11-28,682,86.74,100.0,86.74,71.83
2023-11-29,681,85.01,94.55,85.01,56.14
2023-11-30,680,61.22,98.11,61.22,65.94
2023-12-01,679,77.23,100.0,77.23,83.16
2023-12-02,678,85.04,100.0,85.04,64.46
2023-12-03,677,88.4,100.0,88.4,59.62
2023-12-04,676,67.43,95.08,76.17,67.7
2023-12-05,675,65.15,90.63,65.15,53.44
2023-12-06,674,77.1,100.0,77.1,62.94
2023-12-07,673,76.45,100.0,76.45,72.89
2023-12-08,672,63.69,98.18,63.69,59.13
2023-12-09,671,44.43,94.0,44.43,52.53
2023-12-10,670,75.77,100.0,75.77,51.29
2023-12-11,669,74.3,96.08,74.3,74.44
2023-12-12,668,78.8,96.36,78.8,63.56
2023-12-13,667,64.88,98.18,64.88,65.27
2023-12-14,666,59.17,94.0,59.17,60.31
2023-12-15,665,77.19,98.08,77.19,73.22
2023-12-16,664,77.62,98.0,77.62,66.36
2023-12-17,663,73.93,100.0,73.93,70.47
2023-12-18,662,80.1,100.0,80.1,74.47
2023-12-19,661,67.93,96.83,67.93,65.37
2023-12-20,660,82.67,98.15,82.67,74.69
2023-12-21,659,75.61,97.87,75.61,54.67
2023-12-22,658,82.54,100.0,82.54,75.63
2023-12-23,657,100.98,100.0,100.98,73.42
2023-12-24,656,73.33,96.36,73.33,63.35
2023-12-25,655,82.08,96.0,82.08,56.41
2023-12-26,654,84.54,96.55,84.54,69.21
2023-12-27,653,81.2,98.11,81.2,75.35
2023-12-28,652,72.49,100.0,72.49,59.98
2023-12-29,651,77.41,100.0,77.41,82.88
2023-12-30,650,76.25,98.11,76.25,67.54
2023-12-31,649,72.44,100.0,72.44,59.93
2024-01-01,648,77.69,98.31,77.69,72.36
2024-01-02,647,60.15,96.15,63.83,61.95
2024-01-03,646,93.47,100.0,93.47,51.76
2024-01-04,645,82.93,100.0,82.93,60.09
2024-01-05,644,71.94,97.96,71.94,51.03
2024-01-06,643,69.32,100.0,69.32,76.8
2024-01-07,642,82.77,100.0,82.77,77.66
2024-01-08,641,77.52,100.0,77.52,66.67
2024-01-09,640,85.87,100.0,85.87,80.15
2024-01-10,639,62.05,100.0,62.05,59.63
2024-01-11,638,81.05,100.0,81.05,75.02
2024-01-12,637,69.84,94.44,69.84,54.5
2024-01-13,636,72.44,98.21,72.44,54.74
2024-01-14,635,68.08,100.0,68.08,61.96
2024-01-15,634,65.91,96.15,77.89,61.94
2024-01-16,633,55.86,96.61,55.86,53.15
2024-01-17,632,75.86,92.98,84.97,78.11
2024-01-18,631,73.04,90.91,100.43,81.4
2024-01-19,630,79.61,82.35,104.1,78.25
2024-01-20,629,81.07,94.34,87.83,69.87
2024-01-21,628,93.42,96.15,103.36,60.05
2024-01-22,627,64.85,94.55,71.6,63.12
2024-01-23,626,73.96,98.0,73.96,66.25
2024-01-24,625,74.77,96.23,74.77,43.95
2024-01-25,624,93.57,100.0,93.57,60.05
2024-01-26,623,78.21,96.43,78.21,54.11
2024-01-27,622,61.18,86.54,78.89,52.65
2024-01-28,621,59.92,98.28,59.92,56.29
2024-01-29,620,87.63,100.0,87.63,68.03
2024-01-30,619,85.9,100.0,85.9,85.58
2024-01-31,618,72.07,98.15,72.07,40.76
2024-02-01,617,83.33,98.21,83.33,49.41
2024-02-02,616,93.22,87.72,108.44,71.07
2024-02-03,615,102.67,100.0,102.67,84.91
2024-02-04,614,81.61,100.0,81.61,59.32
2024-02-05,613,93.63,100.0,93.63,80.0
2024-02-06,612,89.41,100.0,89.41,78.38
2024-02-07,611,69.52,98.28,69.52,60.76
2024-02-08,610,70.51,100.0,70.51,67.37
2024-02-09,609,56.04,92.16,70.4,50.19
2024-02-10,608,86.36,98.0,86.36,68.6
2024-02-11,607,93.32,100.0,93.32,63.25
2024-02-12,606,76.69,100.0,76.69,67.6
2024-02-13,605,87.06,100.0,87.06,60.58
2024-02-14,604,93.32,100.0,93.32,63.33
2024-02-15,603,75.06,98.31,83.56,73.96
2024-02-16,602,65.52,91.53,65.52,60.57
2024-02-17,601,62.89,87.88,78.29,54.5
2024-02-18,600,93.47,100.0,93.47,81.65
2024-02-19,599,96.11,95.65,96.11,77.83
2024-02-20,598,103.0,100.0,103.0,75.88
2024-02-21,597,60.16,92.16,60.16,48.66
2024-02-22,596,74.26,97.83,74.26,51.09
2024-02-23,595,67.95,92.42,67.95,56.87
2024-02-24,594,75.93,98.08,75.93,47.41
2024-02-25,593,77.43,100.0,77.43,69.57
2024-02-26,592,68.16,96.61,68.16,56.79
2024-02-27,591,92.12,98.33,92.12,74.83
2024-02-28,590,77.19,94.34,87.04,63.87
2024-02-29,589,74.18,100.0,74.18,58.55
2024-03-01,588,69.07,100.0,69.07,66.2
2024-03-02,587,72.09,98.31,72.09,56.98
2024-03-03,586,73.61,100.0,73.61,69.28
2024-03-04,585,78.75,95.45,78.75,65.26
2024-03-05,584,81.22,98.21,81.22,53.5
2024-03-06,583,69.6,98.25,69.6,62.62
2024-03-07,582,78.21,97.83,78.21,78.2
2024-03-08,581,79.01,91.84,79.01,72.11
2024-03-09,580,69.61,97.92,69.61,57.84
2024-03-10,579,67.66,96.67,67.66,57.67
2024-03-11,578,60.22,96.43,60.22,61.44
2024-03-12,577,65.57,96.36,65.57,62.53
2024-03-13,576,58.06,95.45,58.06,48.53
2024-03-14,575,74.09,98.21,74.09,54.97
2024-03-15,574,74.01,96.49,74.01,67.89
2024-03-16,573,65.2,91.38,71.72,59.37
2024-03-17,572,66.63,96.72,66.63,58.81
2024-03-18,571,69.53,94.64,69.53,61.81
2024-03-19,570,71.72,100.0,71.72,63.96
2024-03-20,569,83.24,100.0,83.24,81.62
2024-03-21,568,60.79,94.83,60.79,71.02
2024-03-22,567,81.26,100.0,81.26,60.18
2024-03-23,566,69.2,100.0,69.2,54.98
2024-03-24,565,86.2,100.0,86.2,74.49
2024-03-25,564,78.33,98.08,78.33,70.14
2024-03-26,563,82.93,94.0,96.44,63.79
2024-03-27,562,83.01,100.0,83.01,75.76
2024-03-28,561,35.94,95.0,35.94,10.8
2024-03-29,560,59.85,92.98,59.85,62.43
2024-03-30,559,79.11,98.25,79.11,69.31
2024-03-31,558,84.08,100.0,84.08,78.62
2024-04-01,557,70.56,98.25,70.56,63.49
2024-04-02,556,84.32,100.0,84.32,76.31
2024-04-03,555,70.38,98.08,70.38,60.18
2024-04-04,554,64.27,91.38,64.27,48.69
2024-04-05,553,69.43,100.0,69.43,74.88
2024-04-06,552,66.59,96.77,66.59,58.41
2024-04-07,551,76.89,100.0,76.89,53.09
2024-04-08,550,69.05,96.55,69.05,75.39
2024-04-09,549,75.87,98.39,75.87,80.69
2024-04-10,548,68.6,100.0,68.6,66.46
2024-04-11,547,74.56,98.11,74.56,55.88
2024-04-12,546,63.84,98.18,63.84,48.95
2024-04-13,545,68.63,100.0,68.63,58.65
2024-04-14,544,64.93,98.28,64.93,71.13
2024-04-15,543,63.61,93.65,63.61,63.44
2024-04-16,542,75.55,96.67,75.55,55.95
2024-04-17,541,59.65,93.22,72.9,43.3
2024-04-18,540,78.52,100.0,78.52,52.93
2024-04-19,539,72.74,98.33,72.74,61.15
2024-04-20,538,90.93,98.04,90.93,70.1
2024-04-21,537,77.95,100.0,77.95,62.94
2024-04-22,536,77.34,100.0,77.34,69.57
2024-04-23,535,74.98,96.36,74.98,65.13
2024-04-24,534,74.31,98.04,74.31,58.43
2024-04-25,533,92.16,100.0,92.16,87.38
2024-04-26,532,91.34,100.0,91.34,55.6
2024-04-27,531,100.66,100.0,100.66,59.41
2024-04-28,530,89.08,100.0,89.08,74.45
2024-04-29,529,72.52,100.0,72.52,52.03
2024-04-30,528,97.86,98.15,97.86,83.39
2024-05-01,527,69.22,92.45,76.75,57.65
2024-05-02,526,76.18,94.34,87.77,45.29
2024-05-03,525,83.71,93.75,95.67,63.93
2024-05-04,524,77.7,95.56,85.28,67.96
2024-05-05,523,85.66,94.55,94.23,87.4
2024-05-06,522,89.42,96.08,99.14,66.62
2024-05-07,521,102.48,100.0,102.48,89.12
2024-05-08,520,109.43,100.0,109.43,79.93
2024-05-09,519,80.69,89.29,92.96,66.88
2024-05-10,518,87.56,98.08,87.56,67.14
2024-05-11,517,107.17,100.0,107.17,71.57
2024-05-12,516,109.19,100.0,109.19,80.75
2024-05-13,515,91.11,97.92,91.11,67.46
2024-05-14,514,98.1,100.0,98.1,77.84
2024-05-15,513,73.2,86.27,116.67,73.05
2024-05-16,512,83.54,100.0,83.54,49.92
2024-05-17,511,114.32,100.0,114.32,56.14
2024-05-18,510,89.7,96.15,89.7,72.2
2024-05-19,509,89.4,100.0,89.4,60.56
2024-05-20,508,70.07,92.0,94.69,79.6
2024-05-21,507,79.1,96.08,79.1,65.88
2024-05-22,506,94.23,98.04,94.23,65.04
2024-05-23,505,91.47,97.96,91.47,59.62
2024-05-24,504,93.89,95.92,112.21,56.22
2024-05-25,503,74.12,97.92,74.12,66.88
2024-05-26,502,74.71,100.0,74.71,57.51
2024-05-27,501,113.01,100.0,113.01,73.91
2024-05-28,500,79.85,86.0,103.59,70.77
2024-05-29,499,77.29,87.27,86.96,61.92
2024-05-30,498,68.5,82.26,86.77,61.51
2024-05-31,497,90.21,100.0,90.21,68.32
2024-06-01,496,95.55,95.45,105.1,59.37
2024-06-02,495,84.87,95.83,84.87,57.32
2024-06-03,494,72.03,93.75,72.03,46.98
2024-06-04,493,94.33,100.0,94.33,63.79
2024-06-05,492,95.3,100.0,95.3,64.65
2024-06-06,491,108.42,98.15,108.42,81.87
2024-06-07,490,91.02,90.2,113.22,85.2
2024-06-08,489,87.97,94.34,105.96,83.44
2024-06-09,488,92.86,92.31,105.53,75.36
2024-06-10,487,54.91,92.31,61.01,55.31
2024-06-11,486,77.76,92.31,77.76,57.21
2024-06-12,485,102.54,91.67,111.86,62.51
2024-06-13,484,88.79,100.0,88.79,56.53
2024-06-14,483,82.08,98.11,82.08,74.03
2024-06-15,482,85.13,100.0,85.13,60.29
2024-06-16,481,83.28,84.62,105.63,77.46
2024-06-17,480,69.81,92.45,79.11,59.85
2024-06-18,479,58.72,92.31,58.72,60.8
2024-06-19,478,60.85,93.22,75.09,52.47
2024-06-20,477,76.4,96.55,76.4,67.12
2024-06-21,476,68.16,100.0,68.16,59.03
2024-06-22,475,79.62,95.0,79.62,47.24
2024-06-23,474,63.17,92.86,71.07,60.73
2024-06-24,473,75.77,96.15,83.83,76.92
2024-06-25,472,82.53,98.0,82.53,54.97
2024-06-26,471,69.58,84.21,85.58,59.03
2024-06-27,470,88.82,100.0,88.82,75.95
2024-06-28,469,90.02,94.23,106.39,78.71
2024-06-29,468,78.26,92.86,78.26,66.09
2024-06-30,467,87.78,100.0,87.78,85.09
2024-07-01,466,86.95,94.64,86.95,53.77
2024-07-02,465,89.84,100.0,89.84,64.66
2024-07-03,464,94.5,94.44,94.5,45.32
2024-07-04,463,77.7,93.62,83.13,51.09
2024-07-05,462,116.03,100.0,116.03,87.23
2024-07-06,461,76.46,92.73,90.37,68.39
2024-07-07,460,86.96,86.54,92.76,45.93
2024-07-08,459,92.5,93.75,92.5,67.09
2024-07-09,458,106.92,100.0,106.92,87.71
2024-07-10,457,96.94,100.0,96.94,71.86
2024-07-11,456,86.6,88.71,96.59,60.38
2024-07-12,455,110.18,100.0,110.18,53.84
2024-07-13,454,79.94,98.15,79.94,56.06
2024-07-14,453,105.39,93.48,118.24,70.22
2024-07-15,452,91.51,94.44,105.14,66.26
2024-07-16,451,105.59,100.0,105.59,80.37
2024-07-17,450,81.69,91.53,93.85,68.46
2024-07-18,449,93.98,95.83,93.98,61.39
2024-07-19,448,95.15,94.55,109.02,55.22
2024-07-20,447,83.31,96.49,83.31,72.19
2024-07-21,446,85.02,90.2,85.02,56.81
2024-07-22,445,86.96,100.0,86.96,75.93
2024-07-23,444,107.94,100.0,107.94,65.9
2024-07-24,443,93.85,93.62,105.02,73.0
2024-07-25,442,91.93,95.92,104.75,73.61
2024-07-26,441,73.19,91.67,78.18,54.41
2024-07-27,440,82.4,88.0,111.36,74.39
2024-07-28,439,78.49,96.0,85.31,57.89
2024-07-29,438,75.35,88.33,75.35,47.7
2024-07-30,437,81.81,86.54,114.97,65.61
2024-07-31,436,86.0,92.59,86.0,63.54
2024-08-01,435,69.49,76.6,130.64,68.02
2024-08-02,434,97.61,100.0,97.61,82.32
2024-08-03,433,73.64,88.68,85.62,58.05
2024-08-04,432,69.92,90.32,81.83,46.96
2024-08-05,431,105.76,95.45,119.32,66.76
2024-08-06,430,79.56,90.7,85.84,72.5
2024-08-07,429,102.44,96.15,102.44,74.71
2024-08-08,428,98.42,94.23,108.89,84.27
2024-08-09,427,87.37,94.0,101.6,80.71
2024-08-10,426,117.65,100.0,117.65,80.23
2024-08-11,425,100.06,100.0,100.06,75.04
2024-08-12,424,88.53,100.0,88.53,55.28
2024-08-13,423,67.91,95.35,75.06,47.34
2024-08-14,422,83.01,90.74,94.08,78.59
2024-08-15,421,99.76,100.0,99.76,69.85
2024-08-16,420,94.24,91.23,106.02,50.78
2024-08-17,419,106.0,100.0,106.0,63.11
2024-08-18,418,109.32,100.0,109.32,85.36
2024-08-19,417,97.58,88.89,125.46,65.46
2024-08-20,416,65.32,86.27,111.04,67.98
2024-08-21,415,72.56,91.23,86.45,72.57
2024-08-22,414,108.28,100.0,108.28,74.11
2024-08-23,413,81.76,96.3,81.76,57.64
2024-08-24,412,96.11,96.72,96.11,63.54
2024-08-25,411,107.75,93.75,123.14,89.95
2024-08-26,410,71.63,88.89,71.63,51.4
2024-08-27,409,99.41,97.87,111.25,58.72
2024-08-28,408,75.32,79.25,99.75,56.05
2024-08-29,407,87.76,91.67,99.57,61.15
2024-08-30,406,99.81,94.34,115.0,84.48
2024-08-31,405,101.09,93.62,113.12,84.15
2024-09-01,404,79.58,90.57,79.58,42.34
2024-09-02,403,99.62,81.25,140.64,58.05
2024-09-03,402,71.11,90.57,92.99,53.24
2024-09-04,401,86.33,98.0,86.33,72.51
2024-09-05,400,86.19,96.23,97.43,52.79
2024-09-06,399,96.76,96.23,96.76,58.35
2024-09-07,398,67.53,90.38,77.18,34.94
2024-09-08,397,72.99,96.15,86.26,70.21
2024-09-09,396,61.1,86.21,74.38,52.67
2024-09-10,395,70.57,94.55,76.33,56.78
2024-09-11,394,70.86,98.46,70.86,61.08
2024-09-12,393,63.86,91.23,72.99,60.75
2024-09-13,392,64.26,100.0,64.26,60.02
2024-09-14,391,76.62,94.55,86.01,82.29
2024-09-15,390,75.81,98.33,75.81,55.95
2024-09-16,389,58.15,94.23,58.15,57.64
2024-09-17,388,77.86,98.0,77.86,75.02
2024-09-18,387,94.72,100.0,94.72,75.79
2024-09-19,386,60.63,94.23,60.63,52.49
2024-09-20,385,68.38,100.0,68.38,72.72
2024-09-21,384,80.23,100.0,80.23,63.07
2024-09-22,383,81.98,100.0,81.98,67.69
2024-09-23,382,75.58,98.21,82.99,54.11
2024-09-24,381,59.28,85.71,59.28,54.4
2024-09-25,380,78.01,95.92,86.87,72.73
2024-09-26,379,62.61,96.67,62.61,60.4
2024-09-27,378,92.07,100.0,92.07,70.72
2024-09-28,377,81.85,100.0,81.85,63.95
2024-09-29,376,74.83,95.59,83.56,65.42
2024-09-30,375,64.32,96.08,64.32,63.38
2024-10-01,374,64.3,81.48,87.98,50.55
2024-10-02,373,81.39,96.67,93.91,81.72
2024-10-03,372,89.25,98.33,89.25,65.42
2024-10-04,371,80.91,93.33,95.81,88.71
2024-10-05,370,78.08,94.12,90.51,80.22
2024-10-06,369,75.17,94.34,88.53,70.83
2024-10-07,368,101.93,100.0,101.93,88.51
2024-10-08,367,67.02,84.62,97.34,61.73
2024-10-09,366,73.15,92.59,80.93,54.49
2024-10-10,365,99.19,87.23,116.55,82.69
2024-10-11,364,87.96,100.0,87.96,64.66
2024-10-12,363,90.41,93.75,90.41,68.88
2024-10-13,362,95.21,93.88,95.21,72.58
2024-10-14,361,100.92,100.0,100.92,54.41
2024-10-15,360,90.69,96.15,90.69,52.21
2024-10-16,359,91.3,93.88,91.3,58.21
2024-10-17,358,99.67,98.21,99.67,74.78
2024-10-18,357,107.63,95.83,107.63,59.2
2024-10-19,356,110.21,100.0,110.21,71.77
2024-10-20,355,96.89,95.83,96.89,83.71
2024-10-21,354,87.97,91.23,100.54,61.17
2024-10-22,353,23.44,77.55,26.79,0.76
2024-10-23,352,89.27,90.0,114.44,61.65
2024-10-24,351,104.85,100.0,104.85,73.28
2024-10-25,350,72.13,88.46,72.13,57.93
2024-10-26,349,62.23,89.06,62.23,70.85
2024-10-27,348,82.59,93.75,82.59,68.37
2024-10-28,347,85.01,96.43,85.01,65.49
2024-10-29,346,66.6,96.83,66.6,49.1
2024-10-30,345,74.4,98.33,74.4,68.37
2024-10-31,344,91.53,100.0,91.53,58.29
2024-11-01,343,70.78,94.44,70.78,63.72
2024-11-02,342,65.34,92.45,86.58,70.83
2024-11-03,341,67.7,100.0,67.7,58.22
2024-11-04,340,82.57,98.11,82.57,84.06
2024-11-05,339,90.89,100.0,90.89,78.96
2024-11-06,338,71.21,96.08,71.21,59.27
2024-11-07,337,102.35,100.0,102.35,94.48
2024-11-08,336,71.39,100.0,71.39,52.0
2024-11-09,335,85.69,100.0,85.69,69.87
2024-11-10,334,71.09,92.73,71.09,64.17
2024-11-11,333,87.96,96.55,87.96,71.14
2024-11-12,332,115.71,100.0,115.71,58.08
2024-11-13,331,80.36,98.04,80.36,60.85
2024-11-14,330,89.53,100.0,89.53,75.43
2024-11-15,329,79.11,100.0,79.11,68.76
2024-11-16,328,92.29,100.0,92.29,77.79
2024-11-17,327,98.17,100.0,98.17,63.81
2024-11-18,326,59.54,92.86,68.23,51.29
2024-11-19,325,101.01,100.0,101.01,78.42
2024-11-20,324,77.89,98.25,77.89,75.58
2024-11-21,323,98.58,100.0,98.58,74.41
2024-11-22,322,61.18,97.92,61.18,38.1
2024-11-23,321,98.45,96.23,98.45,51.76
2024-11-24,320,74.27,92.73,85.58,46.03
2024-11-25,319,78.99,95.74,78.99,75.32
2024-11-26,318,88.86,100.0,88.86,57.88
2024-11-27,317,108.91,100.0,108.91,76.62
2024-11-28,316,82.32,97.92,91.89,69.38
2024-11-29,315,113.09,100.0,113.09,85.38
2024-11-30,314,92.34,97.87,92.34,79.95
2024-12-01,313,85.99,95.74,85.99,45.21
2024-12-02,312,94.58,90.57,105.09,75.86
2024-12-03,311,92.99,94.55,92.99,77.91
2024-12-04,310,109.36,100.0,109.36,78.06
2024-12-05,309,90.03,98.0,90.03,75.86
2024-12-06,308,70.26,94.12,70.26,48.84
2024-12-07,307,93.32,100.0,93.32,87.07
2024-12-08,306,92.58,100.0,92.58,81.84
2024-12-09,305,100.82,100.0,100.82,82.9
2024-12-10,304,93.82,100.0,93.82,68.52
2024-12-11,303,83.8,93.33,91.98,82.06
2024-12-12,302,96.63,93.75,110.44,64.65
2024-12-13,301,77.19,91.84,87.96,82.65
2024-12-14,300,86.83,100.0,86.83,52.65
2024-12-15,299,96.48,100.0,96.48,82.87
2024-12-16,298,88.86,100.0,88.86,61.02
2024-12-17,297,92.37,96.08,98.15,68.27
2024-12-18,296,90.93,96.23,107.09,79.27
2024-12-19,295,90.27,95.0,90.27,85.03
2024-12-20,294,99.53,100.0,99.53,90.92
2024-12-21,293,72.77,100.0,72.77,68.14
2024-12-22,292,98.89,100.0,98.89,63.47
2024-12-23,291,99.66,94.34,117.38,72.72
2024-12-24,290,81.59,95.56,89.55,57.75
2024-12-25,289,76.31,91.53,76.31,66.19
2024-12-26,288,72.36,94.34,85.22,67.16
2024-12-27,287,101.82,97.96,101.82,65.01
2024-12-28,286,80.55,94.64,80.55,58.85
2024-12-29,285,90.69,96.08,90.69,60.03
2024-12-30,284,90.64,90.38,104.74,88.24
2024-12-31,283,101.03,100.0,101.03,66.37
2025-01-01,282,88.29,100.0,88.29,66.31
2025-01-02,281,94.48,91.84,107.97,63.0
2025-01-03,280,114.61,100.0,114.61,69.0
2025-01-04,279,120.68,100.0,120.68,59.75
2025-01-05,278,89.4,90.57,106.03,64.26
2025-01-06,277,85.98,89.58,121.38,85.8
2025-01-07,276,81.43,76.19,102.44,77.55
2025-01-08,275,99.58,100.0,99.58,56.2
2025-01-09,274,94.36,94.44,106.41,67.91
2025-01-10,273,102.82,95.83,117.51,72.58
2025-01-11,272,113.82,96.08,126.2,93.23
2025-01-12,271,94.69,100.0,94.69,61.55
2025-01-13,270,75.22,81.48,104.15,63.53
2025-01-14,269,73.37,98.18,73.37,49.41
2025-01-15,268,85.97,100.0,85.97,63.93
2025-01-16,267,70.26,93.44,70.26,61.27
2025-01-17,266,68.04,90.91,76.73,47.02
2025-01-18,265,73.78,98.15,73.78,58.55
2025-01-19,264,83.36,100.0,83.36,72.9
2025-01-20,263,85.49,98.11,85.49,56.72
2025-01-21,262,83.37,100.0,83.37,66.91
2025-01-22,261,77.71,96.92,77.71,74.44
2025-01-23,260,75.26,100.0,75.26,67.92
2025-01-24,259,84.8,96.61,84.8,58.65
2025-01-25,258,63.62,97.87,63.62,59.28
2025-01-26,257,102.24,100.0,102.24,85.02
2025-01-27,256,77.09,92.45,77.09,64.49
2025-01-28,255,100.14,90.7,110.41,90.85
2025-01-29,254,78.57,100.0,78.57,69.88
2025-01-30,253,68.62,93.62,79.18,69.62
2025-01-31,252,91.81,95.56,91.81,71.46
2025-02-01,251,84.8,90.0,94.66,62.28
2025-02-02,250,82.6,94.55,91.21,83.44
2025-02-03,249,100.57,100.0,100.57,57.44
2025-02-04,248,117.01,94.12,132.62,82.54
2025-02-05,247,115.51,100.0,115.51,60.8
2025-02-06,246,73.78,79.17,107.31,69.38
2025-02-07,245,70.37,85.45,87.53,61.83
2025-02-08,244,97.86,100.0,97.86,74.43
2025-02-09,243,83.77,96.67,83.77,74.51
2025-02-10,242,90.94,92.98,90.94,63.8
2025-02-11,241,98.25,100.0,98.25,65.09
2025-02-12,240,76.3,100.0,76.3,53.74
2025-02-13,239,93.01,97.87,93.01,77.91
2025-02-14,238,87.01,98.25,87.01,60.6
2025-02-15,237,79.98,92.86,93.89,74.55
2025-02-16,236,72.67,96.36,72.67,64.35
2025-02-17,235,89.92,100.0,89.92,58.67
2025-02-18,234,88.73,100.0,88.73,77.24
2025-02-19,233,100.56,100.0,100.56,85.53
2025-02-20,232,85.51,95.16,95.01,65.41
2025-02-21,231,111.2,100.0,111.2,76.34
2025-02-22,230,86.95,92.98,93.64,62.59
2025-02-23,229,72.53,93.88,72.53,50.96
2025-02-24,228,87.9,100.0,87.9,55.76
2025-02-25,227,72.64,98.11,72.64,74.23
2025-02-26,226,58.68,87.5,58.68,54.55
2025-02-27,225,96.56,91.84,108.06,68.06
2025-02-28,224,95.4,92.31,95.4,68.4
2025-03-01,223,105.77,95.35,113.7,85.76
2025-03-02,222,112.73,95.74,123.21,87.11
2025-03-03,221,96.54,95.92,107.76,63.68
2025-03-04,220,89.91,93.75,102.01,69.18
2025-03-05,219,111.37,100.0,111.37,82.14
2025-03-06,218,97.13,100.0,97.13,79.64
2025-03-07,217,98.11,92.31,110.91,83.9
2025-03-08,216,120.66,96.08,133.77,87.71
2025-03-09,215,130.7,100.0,130.7,78.55
2025-03-10,214,97.7,97.62,97.7,58.79
2025-03-11,213,124.01,100.0,124.01,71.33
2025-03-12,212,100.45,95.74,107.3,65.11
2025-03-13,211,91.06,96.23,91.06,51.94
2025-03-14,210,82.33,87.23,113.8,85.85
2025-03-15,209,104.64,95.92,104.64,62.33
2025-03-16,208,113.62,94.12,125.97,80.48
2025-03-17,207,111.8,97.87,111.8,77.66
2025-03-18,206,112.35,98.28,112.35,62.01
2025-03-19,205,109.87,100.0,109.87,85.2
2025-03-20,204,117.43,100.0,117.43,68.42
2025-03-21,203,110.48,95.92,120.3,85.86
2025-03-22,202,93.05,87.5,127.61,91.42
2025-03-23,201,94.44,92.73,108.21,61.28
2025-03-24,200,109.18,100.0,109.18,86.22
2025-03-25,199,94.24,93.62,113.57,82.26
2025-03-26,198,112.31,100.0,112.31,89.96
2025-03-27,197,103.28,98.04,103.28,60.03
2025-03-28,196,110.13,100.0,110.13,86.8
2025-03-29,195,106.96,94.12,123.98,91.11
2025-03-30,194,95.68,97.78,95.68,60.96
2025-03-31,193,114.88,100.0,114.88,83.32
2025-04-01,192,102.16,96.23,117.7,69.76
2025-04-02,191,84.11,96.08,89.37,79.89
2025-04-03,190,95.51,86.36,113.58,82.14
2025-04-04,189,94.36,90.74,108.41,88.9
2025-04-05,188,92.89,93.18,107.56,80.12
2025-04-06,187,107.92,100.0,107.92,68.85
2025-04-07,186,98.18,96.0,114.16,62.92
2025-04-08,185,103.34,98.0,103.34,76.83
2025-04-09,184,118.71,100.0,118.71,80.45
2025-04-10,183,87.37,91.67,99.85,86.65
2025-04-11,182,116.83,100.0,116.83,57.96
2025-04-12,181,99.46,98.04,99.46,70.62
2025-04-13,180,106.87,93.88,106.87,50.9
2025-04-14,179,102.79,100.0,102.79,61.36
2025-04-15,178,106.23,93.62,128.02,79.15
2025-04-16,177,114.99,100.0,114.99,91.5
2025-04-17,176,94.7,91.3,111.7,77.27
2025-04-18,175,94.16,92.31,106.44,72.45
2025-04-19,174,113.83,94.12,135.01,89.11
2025-04-20,173,113.73,91.49,130.78,50.38
2025-04-21,172,101.58,85.09,125.57,74.21
2025-04-22,171,129.52,97.67,137.52,86.54
2025-04-23,170,112.75,93.25,126.35,74.22
2025-04-24,169,112.79,95.97,112.79,74.94
2025-04-25,168,110.38,89.87,124.78,80.13
2025-04-26,167,115.18,94.34,122.38,76.18
2025-04-27,166,87.95,85.92,109.54,77.22
2025-04-28,165,111.96,94.7,115.96,78.4
2025-04-29,164,96.79,92.86,108.79,73.85
2025-04-30,163,111.94,90.85,128.74,81.27
2025-05-01,162,65.47,85.96,65.47,35.76
2025-05-02,161,111.61,93.75,124.59,86.77
2025-05-03,160,117.55,100.0,117.55,67.61
2025-05-04,159,109.91,91.84,125.25,83.99
2025-05-05,158,120.56,100.0,120.56,84.77
2025-05-06,157,125.9,95.74,137.61,59.32
2025-05-07,156,118.93,100.0,118.93,91.53
2025-05-08,155,85.0,93.62,95.12,79.24
2025-05-09,154,108.99,98.25,108.99,74.65
2025-05-10,153,114.86,100.0,114.86,83.07
2025-05-11,152,101.03,94.74,108.65,75.95
2025-05-12,151,109.45,100.0,109.45,78.16
2025-05-13,150,109.83,100.0,109.83,85.0
2025-05-14,149,117.45,96.08,117.45,57.21
2025-05-15,148,98.81,100.0,98.81,60.83
2025-05-16,147,98.85,93.88,107.63,64.37
2025-05-17,146,100.58,89.8,126.37,90.87
2025-05-18,145,103.13,96.15,103.13,77.57
2025-05-19,144,108.07,95.92,120.35,91.06
2025-05-20,143,124.19,100.0,124.19,85.29
2025-05-21,142,97.14,96.23,97.14,51.76
2025-05-22,141,112.23,100.0,112.23,84.67
2025-05-23,140,111.3,100.0,111.3,46.8
2025-05-24,139,109.63,100.0,109.63,65.8
2025-05-25,138,115.85,100.0,115.85,86.3
2025-05-26,137,129.21,100.0,129.21,93.1
2025-05-27,136,98.45,89.36,125.06,82.65
2025-05-28,135,107.18,90.91,107.18,78.68
2025-05-29,134,87.92,94.0,102.23,84.47
2025-05-30,133,99.91,95.65,99.91,57.0
2025-05-31,132,112.13,97.62,120.75,62.67
2025-06-01,131,114.46,100.0,114.46,85.26
2025-06-02,130,138.13,100.0,138.13,89.31
2025-06-03,129,114.2,97.87,114.2,54.7
2025-06-04,128,108.14,100.0,108.14,54.97
2025-06-05,127,102.58,95.45,107.47,85.19
2025-06-06,126,127.41,100.0,127.41,82.98
2025-06-07,125,108.62,100.0,108.62,83.67
2025-06-08,124,122.77,100.0,122.77,76.69
2025-06-09,123,100.63,100.0,100.63,76.63
2025-06-10,122,106.47,100.0,106.47,69.24
2025-06-11,121,101.33,93.88,115.47,64.37
2025-06-12,120,103.36,100.0,103.36,74.34
2025-06-13,119,97.58,96.23,117.54,69.06
2025-06-14,118,118.51,100.0,118.51,86.8
2025-06-15,117,132.22,100.0,132.22,61.55
2025-06-16,116,111.98,100.0,111.98,89.46
2025-06-17,115,120.39,100.0,120.39,71.03
2025-06-18,114,103.65,98.21,103.65,77.84
2025-06-19,113,107.14,92.45,129.06,77.09
2025-06-20,112,127.32,100.0,127.32,73.91
2025-06-21,111,102.23,100.0,102.23,74.81
2025-06-22,110,105.77,100.0,105.77,75.91
2025-06-23,109,92.84,89.09,109.72,73.89
2025-06-24,108,95.13,91.11,109.76,83.74
2025-06-25,107,101.62,89.8,121.45,83.27
2025-06-26,106,105.4,97.83,115.43,87.5
2025-06-27,105,92.3,88.68,104.34,91.7
2025-06-28,104,126.76,100.0,126.76,63.59
2025-06-29,103,97.22,95.56,109.37,73.62
2025-06-30,102,87.57,89.58,116.76,87.31
2025-07-01,101,99.3,91.07,126.38,71.21
2025-07-02,100,89.02,92.59,89.02,65.97
2025-07-03,99,112.9,93.62,132.66,70.22
2025-07-04,98,118.57,100.0,118.57,58.6
2025-07-05,97,103.58,90.0,126.32,80.57
2025-07-06,96,97.69,100.0,97.69,72.55
2025-07-07,95,115.56,100.0,115.56,85.88
2025-07-08,94,118.39,94.44,133.19,82.19
2025-07-09,93,98.94,92.0,109.94,72.58
2025-07-10,92,125.0,100.0,125.0,81.83
2025-07-11,91,103.5,96.0,103.5,78.35
2025-07-12,90,97.65,92.59,105.79,72.92
2025-07-13,89,108.18,94.64,118.78,80.73
2025-07-14,88,100.43,97.67,100.43,52.81
2025-07-15,87,108.68,100.0,108.68,86.85
2025-07-16,86,120.01,98.15,120.01,59.96
2025-07-17,85,95.28,95.83,108.89,76.06
2025-07-18,84,139.44,100.0,139.44,92.47
2025-07-19,83,95.67,94.64,95.67,65.95
2025-07-20,82,102.41,93.33,115.21,76.44
2025-07-21,81,98.92,95.56,111.29,76.01
2025-07-22,80,133.64,100.0,133.64,93.16
2025-07-23,79,113.8,93.33,128.02,71.03
2025-07-24,78,103.3,91.07,120.51,90.83
2025-07-25,77,93.96,93.02,112.23,91.49
2025-07-26,76,118.76,100.0,118.76,73.18
2025-07-27,75,121.03,100.0,121.03,90.96
2025-07-28,74,99.37,94.0,110.42,72.58
2025-07-29,73,109.09,95.56,125.88,68.58
2025-07-30,72,92.04,93.26,99.89,75.39
2025-07-31,71,100.15,95.35,113.32,88.41
2025-08-01,70,107.06,100.0,107.06,85.21
2025-08-02,69,120.21,100.0,120.21,83.3
2025-08-03,68,150.68,100.0,150.68,83.65
2025-08-04,67,112.14,95.92,127.79,85.51
2025-08-05,66,122.56,100.0,122.56,68.38
2025-08-06,65,120.71,93.62,135.08,64.03
2025-08-07,64,111.08,100.0,111.08,64.4
2025-08-08,63,104.99,100.0,104.99,73.0
2025-08-09,62,118.84,100.0,118.84,59.82
2025-08-10,61,89.79,93.75,98.14,60.95
2025-08-11,60,94.77,97.96,94.77,50.03
2025-08-12,59,110.51,100.0,110.51,62.51
2025-08-13,58,103.74,93.88,115.53,62.33
2025-08-14,57,111.21,95.65,111.21,75.65
2025-08-15,56,107.27,96.15,116.21,66.92
2025-08-16,55,99.83,94.23,99.83,69.98
2025-08-17,54,102.02,95.92,121.93,90.39
2025-08-18,53,95.01,100.0,95.01,80.8
2025-08-19,52,108.14,100.0,108.14,73.16
2025-08-20,51,114.98,100.0,114.98,81.53
2025-08-21,50,108.2,95.65,115.75,89.49
2025-08-22,49,122.93,100.0,122.93,75.79
2025-08-23,48,113.25,100.0,113.25,59.84
2025-08-24,47,101.23,97.67,101.23,72.22
2025-08-25,46,130.89,100.0,130.89,85.84
2025-08-26,45,91.74,94.23,102.16,66.74
2025-08-27,44,108.89,94.0,120.99,85.18
2025-08-28,43,102.24,97.92,102.24,73.21
2025-08-29,42,113.3,100.0,113.3,78.79
2025-08-30,41,107.22,100.0,107.22,62.06
2025-08-31,40,102.14,97.96,102.14,78.42
2025-09-01,39,101.91,92.31,124.2,89.56
2025-09-02,38,97.15,100.0,97.15,75.6
2025-09-03,37,104.31,100.0,104.31,91.23
2025-09-04,36,104.32,97.62,115.3,69.33
2025-09-05,35,111.79,100.0,111.79,70.5
2025-09-06,34,109.21,100.0,109.21,82.94
2025-09-07,33,103.36,94.44,116.28,79.18
2025-09-08,32,121.47,100.0,121.47,90.01
2025-09-09,31,105.28,93.75,120.32,93.66
2025-09-10,30,81.1,87.76,93.27,76.63
2025-09-11,29,117.05,95.24,129.37,95.86
2025-09-12,28,90.52,90.91,124.46,65.99
2025-09-13,27,101.2,95.92,112.7,67.29
2025-09-14,26,110.44,98.04,110.44,58.3
2025-09-15,25,109.92,93.48,120.39,85.89
2025-09-16,24,112.24,100.0,112.24,73.47
2025-09-17,23,122.49,100.0,122.49,92.66
2025-09-18,22,99.32,100.0,99.32,71.98
2025-09-19,21,106.42,95.65,122.38,78.57
2025-09-20,20,109.51,100.0,109.51,73.47
2025-09-21,19,97.43,91.07,111.35,58.84
2025-09-22,18,116.06,94.0,131.89,87.94
2025-09-23,17,106.56,100.0,106.56,65.77
2025-09-24,16,103.19,97.83,107.88,57.0
2025-09-25,15,106.96,95.45,127.2,61.05
2025-09-26,14,122.01,100.0,122.01,78.72
2025-09-27,13,117.79,100.0,117.79,66.26
2025-09-28,12,118.02,95.83,125.89,74.72
2025-09-29,11,101.94,100.0,101.94,92.23
2025-09-30,10,109.99,100.0,109.99,86.76
2025-10-01,9,105.14,93.75,120.16,90.11
2025-10-02,8,104.92,96.15,124.0,56.53
2025-10-03,7,99.43,96.08,99.43,77.59
2025-10-04,6,114.05,100.0,114.05,89.9
2025-10-05,5,127.04,100.0,127.04,83.92
2025-10-06,4,105.64,100.0,105.64,82.16
2025-10-07,3,103.97,100.0,103.97,55.57
2025-10-08,2,95.76,92.31,121.45,59.69
2025-10-09,1,93.46,92.31,103.85,66.42
